Date,Delta_dir,Open_price,Close_price,Transaction
2017-09-18,1,25.35,25.666668,no_trade
2017-09-19,0,25.333332,25.006666,no_trade
2017-09-20,1,24.866667,24.927334,no_trade
2017-09-21,0,24.993334,24.431999,no_trade
2017-09-22,0,24.432667,23.406,no_trade
2017-09-25,0,23.543333,22.999332,no_trade
2017-09-26,0,23.395332,23.016666,no_trade
2017-09-27,0,23.326668,22.731333,no_trade
2017-09-28,0,22.658667,22.639999,no_trade
2017-09-29,0,22.790667,22.74,no_trade
2017-10-02,0,22.834667,22.768667,no_trade
2017-10-03,1,22.393333,23.209333,no_trade
2017-10-04,1,23.416668,23.667334,no_trade
2017-10-05,0,23.733334,23.688667,no_trade
2017-10-06,1,23.540001,23.792,no_trade
2017-10-09,0,23.309999,22.862667,no_trade
2017-10-10,1,23.120001,23.705999,no_trade
2017-10-11,1,23.592667,23.639999,no_trade
2017-10-12,1,23.530001,23.712,no_trade
2017-10-13,0,23.798668,23.704666,no_trade
2017-10-16,0,23.584,23.373333,no_trade
2017-10-17,1,23.393999,23.716667,no_trade
2017-10-18,1,23.731333,23.976667,no_trade
2017-10-19,0,23.704,23.454,no_trade
2017-10-20,0,23.512667,23.006666,no_trade
2017-10-23,0,23.325333,22.468,no_trade
2017-10-24,0,22.586666,22.489332,no_trade
2017-10-25,0,22.446667,21.722668,no_trade
2017-10-26,0,21.851999,21.744667,no_trade
2017-10-27,1,21.316668,21.391333,no_trade
2017-10-30,1,21.278667,21.338667,no_trade
2017-10-31,1,21.348667,22.101999,no_trade
2017-11-01,0,22.15,21.405333,no_trade
2017-11-02,0,20.008667,19.950666,no_trade
2017-11-03,1,19.966667,20.406,no_trade
2017-11-06,0,20.466667,20.185333,no_trade
2017-11-07,1,20.068001,20.403334,no_trade
2017-11-08,0,20.366667,20.292667,no_trade
2017-11-09,1,20.166668,20.199333,no_trade
2017-11-10,1,20.166668,20.199333,no_trade
2017-11-13,1,20.008667,21.026667,no_trade
2017-11-14,0,21.0,20.58,no_trade
2017-11-15,1,20.400667,20.753332,no_trade
2017-11-16,0,20.932667,20.833332,no_trade
2017-11-17,0,21.711332,21.003332,no_trade
2017-11-20,0,20.919333,20.582666,no_trade
2017-11-21,1,20.724001,21.187332,no_trade
2017-11-22,0,21.118,20.84,no_trade
2017-11-24,1,20.919333,21.036667,no_trade
2017-11-27,1,20.883333,21.120667,no_trade
2017-11-28,1,21.090668,21.17,no_trade
2017-11-29,0,21.153334,20.502666,no_trade
2017-11-30,1,20.570667,20.59,no_trade
2017-12-01,1,20.362667,20.435333,no_trade
2017-12-04,0,20.433332,20.346666,no_trade
2017-12-05,1,20.133333,20.246668,no_trade
2017-12-06,1,20.006666,20.884001,no_trade
2017-12-07,0,20.799999,20.749332,no_trade
2017-12-08,1,20.973333,21.008667,no_trade
2017-12-11,1,20.975332,21.927334,no_trade
2017-12-12,1,22.030001,22.735332,no_trade
2017-12-13,0,22.728666,22.601999,no_trade
2017-12-14,0,22.733999,22.525999,no_trade
2017-12-15,1,22.802668,22.896667,no_trade
2017-12-18,0,22.993334,22.591333,no_trade
2017-12-19,0,22.684,22.073334,no_trade
2017-12-20,0,22.179333,21.931999,no_trade
2017-12-21,1,21.972668,22.110666,no_trade
2017-12-22,0,21.967333,21.68,no_trade
2017-12-26,0,21.588667,21.152666,no_trade
2017-12-27,0,21.066668,20.775999,no_trade
2017-12-28,1,20.783333,21.024,no_trade
2017-12-29,0,21.078667,20.756666,no_trade
2018-01-02,1,20.799999,21.368668,no_trade
2018-01-03,0,21.4,21.15,no_trade
2018-01-04,1,20.858,20.974667,no_trade
2018-01-05,0,21.108,21.105333,no_trade
2018-01-08,1,21.066668,22.427334,no_trade
2018-01-09,0,22.344,22.246,no_trade
2018-01-10,1,22.146667,22.32,no_trade
2018-01-11,1,22.349333,22.530001,no_trade
2018-01-12,0,22.575333,22.414667,no_trade
2018-01-16,1,22.502666,22.670668,no_trade
2018-01-17,1,22.698,23.143999,no_trade
2018-01-18,0,23.044666,22.971333,no_trade
2018-01-19,1,23.0,23.334667,no_trade
2018-01-22,1,23.293333,23.437332,no_trade
2018-01-23,0,24.0,23.519333,no_trade
2018-01-24,0,23.638666,23.059334,no_trade
2018-01-25,0,23.218,22.509333,no_trade
2018-01-26,1,22.766666,22.856667,no_trade
2018-01-29,1,22.656668,23.302,no_trade
2018-01-30,1,23.009333,23.054667,no_trade
2018-01-31,1,23.167334,23.620667,no_trade
2018-02-01,0,23.4,23.283333,no_trade
2018-02-02,0,23.229334,22.916668,no_trade
2018-02-05,0,22.531334,22.208668,no_trade
2018-02-06,1,21.680668,22.264668,no_trade
2018-02-07,1,22.599333,23.0,no_trade
2018-02-08,0,22.887333,21.015333,no_trade
2018-02-09,0,21.328667,20.694668,no_trade
2018-02-12,0,21.075333,21.048668,no_trade
2018-02-13,1,21.001333,21.577333,no_trade
2018-02-14,1,21.389334,21.487333,no_trade
2018-02-15,1,21.633333,22.271334,no_trade
2018-02-16,1,22.166668,22.365999,no_trade
2018-02-20,1,22.298,22.318001,no_trade
2018-02-21,0,22.402,22.219999,no_trade
2018-02-22,1,22.368668,23.077999,no_trade
2018-02-23,1,23.188667,23.469999,no_trade
2018-02-26,1,23.566668,23.827999,no_trade
2018-02-27,0,23.75,23.399332,no_trade
2018-02-28,0,23.504667,22.870667,no_trade
2018-03-01,0,23.000668,22.062,no_trade
2018-03-02,1,21.798668,22.341333,no_trade
2018-03-05,1,22.159332,22.223333,no_trade
2018-03-06,0,22.25,21.879999,no_trade
2018-03-07,1,21.695999,22.153334,no_trade
2018-03-08,0,22.190666,21.940001,no_trade
2018-03-09,1,21.606667,21.811333,no_trade
2018-03-12,1,21.907333,23.034,no_trade
2018-03-13,1,21.907333,22.789333,no_trade
2018-03-14,0,22.450666,21.775333,no_trade
2018-03-15,0,21.958668,21.706667,no_trade
2018-03-16,0,21.528667,21.423332,no_trade
2018-03-19,0,21.1,20.903999,no_trade
2018-03-20,0,20.991333,20.703333,no_trade
2018-03-21,1,20.683332,21.101999,no_trade
2018-03-22,0,20.926001,20.606667,no_trade
2018-03-23,0,20.75,20.102667,no_trade
2018-03-26,0,20.489332,20.278667,no_trade
2018-03-27,0,20.266666,18.612,no_trade
2018-03-28,0,17.638666,17.185333,no_trade
2018-03-29,1,17.099333,17.742001,no_trade
2018-04-02,0,17.084,16.832001,no_trade
2018-04-03,0,17.988001,17.835333,no_trade
2018-04-04,1,16.851999,19.129333,no_trade
2018-04-05,1,19.289333,20.381332,no_trade
2018-04-06,0,20.066668,19.953333,no_trade
2018-04-09,0,20.024668,19.310667,no_trade
2018-04-10,1,19.931334,20.313334,no_trade
2018-04-11,1,20.049334,20.062,no_trade
2018-04-12,0,20.154667,19.605333,no_trade
2018-04-13,0,20.24,20.022667,no_trade
2018-04-16,0,19.933332,19.414,no_trade
2018-04-17,0,19.257999,19.179333,no_trade
2018-04-18,1,19.405333,19.556667,no_trade
2018-04-19,1,19.405333,20.005333,no_trade
2018-04-20,0,19.677999,19.349333,no_trade
2018-04-23,0,19.419333,18.891333,no_trade
2018-04-24,0,19.0,18.897333,no_trade
2018-04-25,0,18.9,18.712667,no_trade
2018-04-26,1,18.583332,19.032,no_trade
2018-04-27,1,19.024668,19.605333,no_trade
2018-04-30,1,19.573999,19.593332,no_trade
2018-05-01,1,19.567333,19.994667,no_trade
2018-05-02,1,19.904667,20.076668,no_trade
2018-05-03,1,18.586,18.963333,no_trade
2018-05-04,1,18.866667,19.606001,no_trade
2018-05-07,1,19.833332,20.184668,no_trade
2018-05-08,1,20.053333,20.131332,no_trade
2018-05-09,1,20.027332,20.456667,no_trade
2018-05-10,0,20.5,20.334667,no_trade
2018-05-11,0,20.513332,20.070667,no_trade
2018-05-14,0,20.221333,19.464666,no_trade
2018-05-15,0,19.000668,18.945333,no_trade
2018-05-16,1,18.922001,19.098667,no_trade
2018-05-17,0,19.059999,18.969334,no_trade
2018-05-18,0,18.976667,18.454666,no_trade
2018-05-21,1,18.755333,18.966,no_trade
2018-05-22,0,19.184,18.334,no_trade
2018-05-23,1,18.517332,18.604668,no_trade
2018-05-24,0,18.559999,18.523333,no_trade
2018-05-25,1,18.508667,18.59,no_trade
2018-05-29,1,18.567333,18.917334,no_trade
2018-05-30,1,18.886,19.448,no_trade
2018-05-31,0,19.147333,18.982,no_trade
2018-06-01,1,19.057333,19.454666,no_trade
2018-06-04,1,19.622667,19.782667,no_trade
2018-06-05,0,19.846666,19.408667,no_trade
2018-06-06,1,20.033333,21.299999,no_trade
2018-06-07,0,21.076668,21.072666,no_trade
2018-06-08,0,21.266666,21.177334,no_trade
2018-06-11,1,21.500668,22.139999,no_trade
2018-06-12,0,22.98,22.851334,no_trade
2018-06-13,0,23.114,22.985332,no_trade
2018-06-14,1,23.175333,23.848,no_trade
2018-06-15,1,23.589333,23.878,no_trade
2018-06-18,1,23.693333,24.722,no_trade
2018-06-19,0,24.344,23.503332,no_trade
2018-06-20,1,23.869333,24.148001,no_trade
2018-06-21,0,24.133333,23.167334,no_trade
2018-06-22,0,23.436001,22.242001,no_trade
2018-06-25,1,22.007999,22.200666,no_trade
2018-06-26,1,22.403334,22.799999,no_trade
2018-06-27,0,23.0,22.966667,no_trade
2018-06-28,1,23.243999,23.328667,no_trade
2018-06-29,0,23.555332,22.863333,no_trade
2018-07-02,0,24.004667,22.337999,no_trade
2018-07-03,0,22.116667,20.724001,no_trade
2018-07-05,0,20.917334,20.610666,no_trade
2018-07-06,1,20.33,20.593332,no_trade
2018-07-09,1,20.799334,21.233999,no_trade
2018-07-10,0,21.637333,21.497999,no_trade
2018-07-11,1,21.053333,21.264,no_trade
2018-07-12,0,21.428667,21.114,no_trade
2018-07-13,1,21.038668,21.257999,no_trade
2018-07-16,0,20.780666,20.673332,no_trade
2018-07-17,1,20.587334,21.512667,no_trade
2018-07-18,0,21.666668,21.59,no_trade
2018-07-19,1,21.088667,21.348667,no_trade
2018-07-20,0,21.415333,20.905333,no_trade
2018-07-23,1,20.122667,20.213333,no_trade
2018-07-24,0,20.294666,19.828667,no_trade
2018-07-25,1,19.782667,20.582666,no_trade
2018-07-26,1,20.323334,20.443333,no_trade
2018-07-27,0,20.483334,19.812,no_trade
2018-07-30,0,19.726667,19.344667,no_trade
2018-07-31,1,19.483334,19.875999,no_trade
2018-08-01,1,19.865999,20.056,no_trade
2018-08-02,1,21.896,23.302668,no_trade
2018-08-03,1,23.187332,23.211332,no_trade
2018-08-06,0,23.030666,22.799334,no_trade
2018-08-07,1,22.922667,25.304667,no_trade
2018-08-08,1,24.606001,24.689333,no_trade
2018-08-09,0,24.370001,23.496668,no_trade
2018-08-10,1,23.6,23.699333,no_trade
2018-08-13,0,24.075333,23.760668,no_trade
2018-08-14,0,23.896667,23.176001,no_trade
2018-08-15,0,22.794001,22.579332,no_trade
2018-08-16,0,22.660667,22.363333,no_trade
2018-08-17,0,21.566668,20.366667,no_trade
2018-08-20,1,19.446667,20.562668,no_trade
2018-08-21,1,20.707333,21.459999,no_trade
2018-08-22,1,21.391333,21.442667,no_trade
2018-08-23,1,21.275999,21.34,no_trade
2018-08-24,1,21.379999,21.521334,no_trade
2018-08-27,1,21.200001,21.284666,no_trade
2018-08-28,0,21.227333,20.790667,no_trade
2018-08-29,0,20.684668,20.334,no_trade
2018-08-30,1,20.150667,20.209999,no_trade
2018-08-31,0,20.133333,20.110666,no_trade
2018-09-04,0,19.796,19.263332,no_trade
2018-09-05,0,19.003332,18.716,no_trade
2018-09-06,0,18.986668,18.73,no_trade
2018-09-07,1,17.34,17.549334,no_trade
2018-09-10,1,18.217333,19.033333,no_trade
2018-09-11,0,18.631332,18.629333,no_trade
2018-09-12,1,18.762667,19.369333,no_trade
2018-09-13,1,19.201332,19.297333,no_trade
2018-09-14,1,19.250668,19.68,no_trade
2018-09-17,1,19.336,19.656,no_trade
2018-09-18,0,19.779333,18.997334,no_trade
2018-09-19,1,18.700666,19.934668,no_trade
2018-09-20,0,20.237333,19.888666,no_trade
2018-09-21,1,19.846666,19.940001,no_trade
2018-09-24,1,19.898666,19.978666,no_trade
2018-09-25,1,20.0,20.066,no_trade
2018-09-26,1,20.127333,20.638666,no_trade
2018-09-27,0,20.860001,20.501333,no_trade
2018-09-28,0,18.017332,17.651333,no_trade
2018-10-01,1,20.384666,20.713333,no_trade
2018-10-02,0,20.93,20.068001,no_trade
2018-10-03,0,20.222,19.653334,no_trade
2018-10-04,0,19.596666,18.788668,no_trade
2018-10-05,0,18.309999,17.463333,no_trade
2018-10-08,0,17.634666,16.704,no_trade
2018-10-09,1,17.016666,17.52,no_trade
2018-10-10,0,17.640667,17.125334,no_trade
2018-10-11,0,17.168667,16.815332,no_trade
2018-10-12,0,17.4,17.252001,no_trade
2018-10-15,1,17.270666,17.306,no_trade
2018-10-16,1,17.713333,18.439333,no_trade
2018-10-17,0,18.826668,18.118668,no_trade
2018-10-18,0,17.952667,17.594,no_trade
2018-10-19,0,17.826,17.333332,no_trade
2018-10-22,1,17.378668,17.396667,no_trade
2018-10-23,1,17.591333,19.609333,no_trade
2018-10-24,0,20.07,19.233334,no_trade
2018-10-25,0,21.148001,20.990667,no_trade
2018-10-26,1,20.549999,22.059999,no_trade
2018-10-29,0,22.497999,22.323334,no_trade
2018-10-30,1,21.892668,21.993334,no_trade
2018-10-31,1,22.169333,22.488001,no_trade
2018-11-01,1,22.550667,22.952,no_trade
2018-11-02,1,22.916,23.094,no_trade
2018-11-05,1,22.700001,22.76,no_trade
2018-11-06,1,22.604668,22.737333,no_trade
2018-11-07,1,22.889334,23.210667,no_trade
2018-11-08,1,23.233334,23.426666,no_trade
2018-11-09,1,23.266666,23.367332,no_trade
2018-11-12,0,23.224667,22.085333,no_trade
2018-11-13,1,22.210667,22.582001,no_trade
2018-11-14,1,22.846666,22.933332,no_trade
2018-11-15,1,22.822001,23.229334,no_trade
2018-11-16,1,23.012667,23.620667,no_trade
2018-11-19,0,23.756001,23.564667,no_trade
2018-11-20,1,22.783333,23.166,no_trade
2018-11-21,0,23.466667,22.546,no_trade
2018-11-23,0,22.290001,21.722,no_trade
2018-11-26,1,21.666668,23.066668,no_trade
2018-11-27,1,22.67,22.927999,no_trade
2018-11-28,1,23.066,23.191334,no_trade
2018-11-29,0,23.133333,22.744667,no_trade
2018-11-30,1,22.788668,23.365334,no_trade
2018-12-03,0,24.0,23.899332,no_trade
2018-12-04,1,23.736668,23.98,no_trade
2018-12-06,1,23.733999,24.204,no_trade
2018-12-07,0,24.6,23.864668,no_trade
2018-12-10,1,24.0,24.343332,no_trade
2018-12-11,0,24.660667,24.450666,no_trade
2018-12-12,0,24.628,24.440001,no_trade
2018-12-13,1,24.676666,25.119333,no_trade
2018-12-14,0,25.0,24.380667,no_trade
2018-12-17,0,24.133333,23.228001,no_trade
2018-12-18,0,23.369333,22.468666,no_trade
2018-12-19,0,22.506666,22.198,no_trade
2018-12-20,0,21.803333,21.025333,no_trade
2018-12-21,1,21.16,21.318001,no_trade
2018-12-24,0,20.9,19.692667,no_trade
2018-12-26,1,20.0,21.739332,no_trade
2018-12-27,0,21.322666,21.075333,no_trade
2018-12-28,1,21.540001,22.257999,no_trade
2018-12-31,0,22.519333,22.186666,no_trade
2019-01-02,1,20.406668,20.674667,no_trade
2019-01-03,0,20.466667,20.024,no_trade
2019-01-04,1,20.4,21.179333,no_trade
2019-01-07,1,21.448,22.330667,no_trade
2019-01-08,0,22.797333,22.356667,no_trade
2019-01-09,1,22.366667,22.568666,no_trade
2019-01-10,1,22.293333,22.997999,no_trade
2019-01-11,1,22.806,23.150667,no_trade
2019-01-14,0,22.825333,22.293333,no_trade
2019-01-15,1,22.333332,22.962,no_trade
2019-01-16,1,22.985332,23.07,no_trade
2019-01-17,1,23.080667,23.153999,no_trade
2019-01-18,0,21.533333,20.150667,no_trade
2019-01-22,0,20.321333,19.927999,no_trade
2019-01-23,0,19.5,19.172667,no_trade
2019-01-24,1,18.868668,19.434,no_trade
2019-01-25,1,19.625999,19.802668,no_trade
2019-01-28,1,19.527332,19.758667,no_trade
2019-01-29,1,19.684668,19.830667,no_trade
2019-01-30,1,20.030001,20.584667,no_trade
2019-01-31,1,20.066668,20.468,no_trade
2019-02-01,1,20.361334,20.813999,no_trade
2019-02-04,0,20.865334,20.859333,no_trade
2019-02-05,1,20.832666,21.423332,no_trade
2019-02-06,0,21.306,21.148001,no_trade
2019-02-07,0,20.886667,20.500668,no_trade
2019-02-08,0,20.455334,20.386667,no_trade
2019-02-11,1,20.773333,20.856001,no_trade
2019-02-12,0,21.08,20.787333,no_trade
2019-02-13,0,20.823334,20.544666,no_trade
2019-02-14,1,20.225332,20.251333,no_trade
2019-02-15,1,20.299999,20.525333,no_trade
2019-02-19,0,20.437332,20.375999,no_trade
2019-02-20,0,20.294001,20.170668,no_trade
2019-02-21,0,20.120667,19.415333,no_trade
2019-02-22,1,19.632668,19.647333,no_trade
2019-02-25,1,19.860666,19.917999,no_trade
2019-02-26,1,19.481333,19.857332,no_trade
2019-02-27,1,20.118668,20.982668,no_trade
2019-02-28,1,21.261333,21.325333,no_trade
2019-03-01,0,20.462667,19.652666,no_trade
2019-03-04,0,19.874666,19.024,no_trade
2019-03-05,0,18.799999,18.436001,no_trade
2019-03-06,0,18.431999,18.416,no_trade
2019-03-07,0,18.589333,18.439333,no_trade
2019-03-08,1,18.460667,18.942667,no_trade
2019-03-11,1,18.901333,19.394667,no_trade
2019-03-12,0,19.099333,18.890667,no_trade
2019-03-13,1,18.926666,19.264,no_trade
2019-03-14,0,19.496668,19.330667,no_trade
2019-03-15,0,18.900667,18.362,no_trade
2019-03-18,0,18.4,17.966,no_trade
2019-03-19,0,17.833332,17.831333,no_trade
2019-03-20,1,17.979334,18.24,no_trade
2019-03-21,1,18.173332,18.268,no_trade
2019-03-22,0,18.172001,17.635332,no_trade
2019-03-25,1,17.313999,17.361334,no_trade
2019-03-26,1,17.629333,17.851334,no_trade
2019-03-27,1,17.916668,18.322001,no_trade
2019-03-28,1,18.477333,18.574667,no_trade
2019-03-29,1,18.58,18.657333,no_trade
2019-04-01,1,18.841333,19.278667,no_trade
2019-04-02,0,19.219999,19.058666,no_trade
2019-04-03,1,19.154667,19.454,no_trade
2019-04-04,1,17.459333,17.851999,no_trade
2019-04-05,1,17.990667,18.330667,no_trade
2019-04-08,0,18.512667,18.213333,no_trade
2019-04-09,1,18.110001,18.153999,no_trade
2019-04-10,0,18.449333,18.403999,no_trade
2019-04-11,1,17.886667,17.894667,no_trade
2019-04-12,0,18.014668,17.846666,no_trade
2019-04-15,0,17.908667,17.758667,no_trade
2019-04-16,1,17.716667,18.224001,no_trade
2019-04-17,0,18.316668,18.082001,no_trade
2019-04-18,1,18.082001,18.217333,no_trade
2019-04-22,0,17.933332,17.516666,no_trade
2019-04-23,1,17.343332,17.593332,no_trade
2019-04-24,0,17.59,17.243999,no_trade
2019-04-25,0,17.0,16.508667,no_trade
2019-04-26,0,16.433332,15.676,no_trade
2019-04-29,1,15.724,16.098,no_trade
2019-04-30,0,16.137333,15.912667,no_trade
2019-05-01,0,15.923333,15.600667,no_trade
2019-05-02,0,16.368,16.273333,no_trade
2019-05-03,1,16.257334,17.002001,no_trade
2019-05-06,1,16.667999,17.022667,no_trade
2019-05-07,0,17.120001,16.470667,no_trade
2019-05-08,0,16.462667,16.322666,no_trade
2019-05-09,0,16.133333,16.132,no_trade
2019-05-10,0,15.983333,15.968,no_trade
2019-05-13,0,15.467333,15.134,no_trade
2019-05-14,1,15.286667,15.487333,no_trade
2019-05-15,1,15.288,15.463333,no_trade
2019-05-16,0,15.299333,15.222,no_trade
2019-05-17,0,14.797333,14.068667,no_trade
2019-05-20,1,13.52,13.690667,no_trade
2019-05-21,1,13.184,13.672,no_trade
2019-05-22,0,13.273333,12.848667,no_trade
2019-05-23,1,12.956,13.032667,no_trade
2019-05-24,0,13.322,12.708667,no_trade
2019-05-28,0,12.746667,12.58,no_trade
2019-05-29,1,12.473333,12.657333,no_trade
2019-05-30,0,12.583333,12.548,no_trade
2019-05-31,1,12.34,12.344,no_trade
2019-06-03,0,12.367333,11.931333,no_trade
2019-06-04,1,12.073333,12.906667,no_trade
2019-06-05,0,13.245333,13.106,no_trade
2019-06-06,1,13.629333,13.73,no_trade
2019-06-07,0,13.666667,13.633333,no_trade
2019-06-10,1,14.016667,14.192,no_trade
2019-06-11,0,14.609333,14.473333,no_trade
2019-06-12,0,14.863333,13.950667,no_trade
2019-06-13,1,14.025333,14.260667,no_trade
2019-06-14,1,14.083333,14.328,no_trade
2019-06-17,1,14.365333,15.002,no_trade
2019-06-18,0,15.248,14.982667,no_trade
2019-06-19,1,15.007333,15.095333,no_trade
2019-06-20,0,14.866667,14.641333,no_trade
2019-06-21,1,14.414667,14.790667,no_trade
2019-06-24,1,14.882667,14.909333,no_trade
2019-06-25,0,14.959333,14.650667,no_trade
2019-06-26,0,14.687333,14.618,no_trade
2019-06-27,1,14.63,14.856,no_trade
2019-06-28,1,14.732667,14.897333,no_trade
2019-07-01,0,15.347333,15.144667,no_trade
2019-07-02,0,15.259333,14.97,no_trade
2019-07-03,0,15.959333,15.66,no_trade
2019-07-05,0,15.638,15.54,no_trade
2019-07-08,0,15.416,15.356,no_trade
2019-07-09,1,15.264667,15.337333,no_trade
2019-07-10,1,15.61,15.928,no_trade
2019-07-11,1,15.876,15.906667,no_trade
2019-07-12,1,15.983333,16.338667,no_trade
2019-07-15,1,16.533333,16.9,no_trade
2019-07-16,1,16.620001,16.825333,no_trade
2019-07-17,0,17.044666,16.990667,no_trade
2019-07-18,0,17.003332,16.902666,no_trade
2019-07-19,1,17.046,17.212,no_trade
2019-07-22,0,17.25,17.045334,no_trade
2019-07-23,1,17.114,17.344667,no_trade
2019-07-24,1,17.278,17.658667,no_trade
2019-07-25,0,15.566667,15.254667,no_trade
2019-07-26,1,15.128,15.202667,no_trade
2019-07-29,1,15.139333,15.718,no_trade
2019-07-30,1,15.526667,16.150667,no_trade
2019-07-31,0,16.200001,16.107332,no_trade
2019-08-01,0,16.176666,15.59,no_trade
2019-08-02,1,15.423333,15.622667,no_trade
2019-08-05,0,15.306667,15.221333,no_trade
2019-08-06,0,15.458667,15.383333,no_trade
2019-08-07,1,15.1,15.561333,no_trade
2019-08-08,1,15.63,15.886667,no_trade
2019-08-09,0,15.736667,15.667333,no_trade
2019-08-12,0,15.532667,15.267333,no_trade
2019-08-13,1,15.254,15.666667,no_trade
2019-08-14,0,15.414,14.641333,no_trade
2019-08-15,0,14.724,14.376,no_trade
2019-08-16,1,14.444,14.662667,no_trade
2019-08-19,1,14.947333,15.122,no_trade
2019-08-20,0,15.174667,15.057333,no_trade
2019-08-21,0,14.800667,14.722,no_trade
2019-08-22,0,14.853333,14.81,no_trade
2019-08-23,0,14.664667,14.093333,no_trade
2019-08-26,1,14.24,14.333333,no_trade
2019-08-27,0,14.382667,14.272,no_trade
2019-08-28,1,14.246,14.372667,no_trade
2019-08-29,1,14.6,14.780667,no_trade
2019-08-30,0,15.276667,15.040667,no_trade
2019-09-03,1,14.938667,15.000667,no_trade
2019-09-04,0,15.126,14.712,no_trade
2019-09-05,1,14.833333,15.305333,no_trade
2019-09-06,1,15.146667,15.163333,no_trade
2019-09-09,1,15.333333,15.452667,no_trade
2019-09-10,1,15.386667,15.702667,no_trade
2019-09-11,1,15.825333,16.473333,no_trade
2019-09-12,0,16.513332,16.391333,no_trade
2019-09-13,0,16.464001,16.346666,no_trade
2019-09-16,0,16.4,16.187332,no_trade
2019-09-17,1,16.164667,16.319332,no_trade
2019-09-18,0,16.333332,16.232668,no_trade
2019-09-19,1,16.4,16.440001,no_trade
2019-09-20,0,16.432667,16.041332,no_trade
2019-09-23,1,16.0,16.082001,no_trade
2019-09-24,0,16.101334,14.880667,no_trade
2019-09-25,1,14.970667,15.246667,no_trade
2019-09-26,1,15.377333,16.170668,no_trade
2019-09-27,0,16.146667,16.142,no_trade
2019-09-30,0,16.200001,16.058001,no_trade
2019-10-01,1,16.1,16.312668,no_trade
2019-10-02,0,16.219334,16.208668,no_trade
2019-10-03,1,15.457333,15.535333,no_trade
2019-10-04,0,15.440667,15.428667,no_trade
2019-10-07,1,15.32,15.848,no_trade
2019-10-08,1,15.724667,16.003332,no_trade
2019-10-09,1,16.087999,16.302,no_trade
2019-10-10,0,16.351999,16.316,no_trade
2019-10-11,1,16.476667,16.525999,no_trade
2019-10-14,1,16.526667,17.130667,no_trade
2019-10-15,1,17.18,17.192667,no_trade
2019-10-16,1,17.159332,17.316668,no_trade
2019-10-17,0,17.5,17.464666,no_trade
2019-10-18,0,17.379999,17.129999,no_trade
2019-10-21,0,17.222,16.9,no_trade
2019-10-22,1,16.954666,17.038668,no_trade
2019-10-23,1,16.966667,16.978666,no_trade
2019-10-24,1,19.891333,19.978666,no_trade
2019-10-25,1,19.848,21.875334,no_trade
2019-10-28,1,21.836,21.847334,no_trade
2019-10-29,0,21.332666,21.081333,no_trade
2019-10-30,1,20.866667,21.000668,no_trade
2019-10-31,1,20.873333,20.994667,no_trade
2019-11-01,0,21.087999,20.887333,no_trade
2019-11-04,1,20.986668,21.164667,no_trade
2019-11-05,0,21.308001,21.148001,no_trade
2019-11-06,1,21.200001,21.771999,no_trade
2019-11-07,1,21.942667,22.369333,no_trade
2019-11-08,1,22.299999,22.476,no_trade
2019-11-11,1,22.93,23.006001,no_trade
2019-11-12,1,23.126667,23.328667,no_trade
2019-11-13,0,23.666668,23.073999,no_trade
2019-11-14,1,23.073999,23.290001,no_trade
2019-11-15,1,23.375999,23.478001,no_trade
2019-11-18,0,23.528,23.332666,no_trade
2019-11-19,1,23.450001,23.968,no_trade
2019-11-20,0,24.0,23.481333,no_trade
2019-11-21,1,23.634001,23.655333,no_trade
2019-11-22,0,22.677334,22.202667,no_trade
2019-11-25,0,22.954666,22.422667,no_trade
2019-11-26,0,22.351334,21.927999,no_trade
2019-11-27,1,22.074667,22.086,no_trade
2019-11-29,0,22.073999,21.996,no_trade
2019-12-02,1,21.959999,22.324667,no_trade
2019-12-03,1,22.174667,22.413334,no_trade
2019-12-04,0,22.516666,22.202,no_trade
2019-12-05,0,22.188667,22.024668,no_trade
2019-12-06,1,22.333332,22.392668,no_trade
2019-12-09,1,22.439333,22.635332,no_trade
2019-12-10,1,22.664,23.256001,no_trade
2019-12-11,1,23.458668,23.513332,no_trade
2019-12-12,1,23.661333,23.978666,no_trade
2019-12-13,0,24.07,23.892668,no_trade
2019-12-16,1,24.17,25.433332,no_trade
2019-12-17,0,25.266001,25.266001,no_trade
2019-12-18,1,25.375334,26.209999,no_trade
2019-12-19,1,26.488001,26.936001,no_trade
2019-12-20,0,27.352667,27.039333,no_trade
2019-12-23,1,27.452,27.948,no_trade
2019-12-24,1,27.890667,28.35,no_trade
2019-12-26,1,28.527332,28.729334,no_trade
2019-12-27,0,29.0,28.691999,no_trade
2019-12-30,0,28.586,27.646667,no_trade
2019-12-31,1,27.0,27.888666,no_trade
2020-01-02,1,28.299999,28.684,no_trade
2020-01-03,1,29.366667,29.534,no_trade
2020-01-06,1,29.364668,30.102667,no_trade
2020-01-07,1,30.76,31.270666,no_trade
2020-01-08,1,31.58,32.809334,no_trade
2020-01-09,0,33.139999,32.089333,no_trade
2020-01-10,0,32.119331,31.876667,no_trade
2020-01-13,1,32.900002,34.990665,no_trade
2020-01-14,0,36.284,35.861332,no_trade
2020-01-15,0,35.317333,34.566666,no_trade
2020-01-16,1,32.916668,34.232666,no_trade
2020-01-17,1,33.840668,34.033333,no_trade
2020-01-21,1,35.349998,36.48,no_trade
2020-01-22,0,38.125999,37.970669,no_trade
2020-01-23,1,37.616669,38.146667,no_trade
2020-01-24,0,38.042,37.654667,no_trade
2020-01-27,1,36.132668,37.201332,no_trade
2020-01-28,0,37.899334,37.793331,no_trade
2020-01-29,1,38.379333,38.732666,no_trade
2020-01-30,1,42.161331,42.720669,no_trade
2020-01-31,1,42.666668,43.371334,no_trade
2020-02-03,1,44.912666,52.0,no_trade
2020-02-04,1,58.863998,59.137333,no_trade
2020-02-05,0,54.883999,48.98,no_trade
2020-02-06,1,46.661331,49.930668,no_trade
2020-02-07,1,48.703335,49.871334,no_trade
2020-02-10,0,53.333332,51.418667,no_trade
2020-02-11,1,51.252666,51.625332,no_trade
2020-02-12,0,51.858002,51.152668,no_trade
2020-02-13,1,49.456001,53.599998,no_trade
2020-02-14,1,52.481335,53.335335,no_trade
2020-02-18,1,56.106667,57.226665,no_trade
2020-02-19,0,61.566666,61.161331,no_trade
2020-02-20,0,60.796665,59.960667,no_trade
2020-02-21,0,60.465332,60.066666,no_trade
2020-02-24,0,55.933334,55.585999,no_trade
2020-02-25,0,56.599998,53.327332,no_trade
2020-02-26,0,52.166668,51.919998,no_trade
2020-02-27,0,48.666668,45.266666,no_trade
2020-02-28,1,41.98,44.532665,no_trade
2020-03-02,1,47.417332,49.574669,no_trade
2020-03-03,0,53.666668,49.700668,no_trade
2020-03-04,0,50.930668,49.966667,no_trade
2020-03-05,1,48.251331,48.302666,no_trade
2020-03-06,1,46.0,46.898666,no_trade
2020-03-09,1,40.359333,40.533333,no_trade
2020-03-10,0,43.962002,43.021999,no_trade
2020-03-11,0,42.68,42.282001,no_trade
2020-03-12,0,38.726002,37.369999,no_trade
2020-03-13,0,39.666668,36.441334,no_trade
2020-03-16,0,31.299999,29.671333,no_trade
2020-03-17,0,29.334,28.68,no_trade
2020-03-18,0,25.933332,24.081333,no_trade
2020-03-19,1,24.98,28.509333,no_trade
2020-03-20,0,29.213333,28.502001,no_trade
2020-03-23,1,28.906668,28.952667,no_trade
2020-03-24,1,31.82,33.666668,no_trade
2020-03-25,0,36.349998,35.950001,no_trade
2020-03-26,0,36.492668,35.210667,no_trade
2020-03-27,1,33.666668,34.290668,no_trade
2020-03-30,0,34.017334,33.475334,no_trade
2020-03-31,1,33.416668,34.933334,no_trade
2020-04-01,0,33.599998,32.104,no_trade
2020-04-02,0,32.068668,30.298,no_trade
2020-04-03,0,33.966667,32.000668,no_trade
2020-04-06,1,34.080002,34.416,no_trade
2020-04-07,1,36.333332,36.363335,no_trade
2020-04-08,0,36.946667,36.589333,no_trade
2020-04-09,1,37.472668,38.200001,no_trade
2020-04-13,1,39.344002,43.396667,no_trade
2020-04-14,1,46.598,47.326,no_trade
2020-04-15,0,49.466667,48.655334,no_trade
2020-04-16,1,47.796001,49.680668,no_trade
2020-04-17,0,51.485332,50.259335,no_trade
2020-04-20,1,48.846668,49.757332,no_trade
2020-04-21,0,48.674667,45.781334,no_trade
2020-04-22,1,46.931999,48.807335,no_trade
2020-04-23,0,48.506668,47.042,no_trade
2020-04-24,1,47.387333,48.343334,no_trade
2020-04-27,1,49.174,53.25,no_trade
2020-04-28,0,53.042667,51.274666,no_trade
2020-04-29,1,52.678001,53.367332,no_trade
2020-04-30,0,57.012669,52.125332,no_trade
2020-05-01,0,50.333332,46.754665,no_trade
2020-05-04,1,46.733334,50.745998,no_trade
2020-05-05,0,52.652668,51.214001,no_trade
2020-05-06,1,51.766666,52.172001,no_trade
2020-05-07,1,51.813999,52.002666,no_trade
2020-05-08,1,52.917999,54.627998,no_trade
2020-05-11,1,52.700668,54.085999,no_trade
2020-05-12,0,55.133331,53.960667,no_trade
2020-05-13,0,54.722,52.730667,no_trade
2020-05-14,1,52.0,53.555332,no_trade
2020-05-15,1,52.689999,53.278,no_trade
2020-05-18,0,55.185333,54.242001,no_trade
2020-05-19,0,54.344666,53.867332,no_trade
2020-05-20,0,54.700001,54.370667,no_trade
2020-05-21,1,54.400002,55.173332,no_trade
2020-05-22,0,54.811333,54.458668,no_trade
2020-05-26,0,55.633331,54.591331,no_trade
2020-05-27,0,54.723999,54.681999,no_trade
2020-05-28,0,54.234001,53.720669,no_trade
2020-05-29,1,53.916668,55.666668,no_trade
2020-06-01,1,57.200001,59.873333,no_trade
2020-06-02,0,59.646667,58.770668,no_trade
2020-06-03,0,59.208,58.863998,no_trade
2020-06-04,0,59.325333,57.625332,no_trade
2020-06-05,1,58.522667,59.043999,no_trade
2020-06-08,1,61.266666,63.327999,no_trade
2020-06-09,1,62.667332,62.711334,no_trade
2020-06-10,1,66.125336,68.33667,no_trade
2020-06-11,0,66.013336,64.856003,no_trade
2020-06-12,0,65.333336,62.352001,no_trade
2020-06-15,1,61.186001,66.059998,no_trade
2020-06-16,0,67.456665,65.475334,no_trade
2020-06-17,1,65.847336,66.119331,no_trade
2020-06-18,1,66.866669,66.930664,no_trade
2020-06-19,0,67.518669,66.726669,no_trade
2020-06-22,0,66.66333,66.288002,no_trade
2020-06-23,1,66.592003,66.785332,no_trade
2020-06-24,0,66.274002,64.056664,no_trade
2020-06-25,1,63.618,65.732002,no_trade
2020-06-26,0,66.318665,63.982666,no_trade
2020-06-29,1,64.60067,67.290001,no_trade
2020-06-30,1,67.099998,71.987335,no_trade
2020-07-01,1,72.199997,74.641998,no_trade
2020-07-02,0,81.431999,80.577332,no_trade
2020-07-06,1,85.112663,91.438667,no_trade
2020-07-07,0,93.667336,92.657333,no_trade
2020-07-08,0,93.666664,91.05867,no_trade
2020-07-09,0,93.132668,92.952003,no_trade
2020-07-10,1,93.066666,102.976669,no_trade
2020-07-13,0,110.599998,99.804001,no_trade
2020-07-14,0,103.73333,101.120003,no_trade
2020-07-15,1,102.866669,103.067329,no_trade
2020-07-16,1,98.477333,100.042664,no_trade
2020-07-17,0,100.896667,100.056,no_trade
2020-07-20,1,101.267334,109.533333,no_trade
2020-07-21,0,109.328667,104.557335,no_trade
2020-07-22,0,106.599998,106.155334,no_trade
2020-07-23,0,111.93,100.87133,no_trade
2020-07-24,1,94.400665,94.466667,no_trade
2020-07-27,1,95.666664,102.639999,no_trade
2020-07-28,0,100.26667,98.432671,no_trade
2020-07-29,0,100.066666,99.940666,no_trade
2020-07-30,0,99.199997,99.166,no_trade
2020-07-31,0,101.0,95.384003,no_trade
2020-08-03,1,96.613335,99.0,no_trade
2020-08-04,0,99.667336,99.133331,no_trade
2020-08-05,0,99.532669,99.001335,no_trade
2020-08-06,0,99.388664,99.305336,no_trade
2020-08-07,0,99.96933,96.847336,no_trade
2020-08-10,0,96.533333,94.571335,no_trade
2020-08-11,0,93.066666,91.625999,no_trade
2020-08-12,1,98.0,103.650665,no_trade
2020-08-13,1,107.400002,108.066666,no_trade
2020-08-14,0,110.999336,110.047333,no_trade
2020-08-17,1,111.800003,122.375999,no_trade
2020-08-18,0,126.599335,125.806,no_trade
2020-08-19,1,124.333336,125.235336,no_trade
2020-08-20,1,124.045334,133.455338,no_trade
2020-08-21,1,136.317337,136.665329,no_trade
2020-08-24,0,141.751999,134.279999,no_trade
2020-08-25,1,131.659332,134.889328,no_trade
2020-08-26,1,137.333328,143.544662,no_trade
2020-08-27,1,145.363998,149.25,no_trade
2020-08-28,0,153.007996,147.559998,no_trade
2020-08-31,1,148.203339,166.106674,no_trade
2020-09-01,0,167.380005,158.350006,no_trade
2020-09-02,0,159.66333,149.123337,no_trade
2020-09-03,0,135.743332,135.666672,no_trade
2020-09-04,1,134.270004,139.440002,no_trade
2020-09-08,0,118.666664,110.07,no_trade
2020-09-09,1,118.866669,122.09333,no_trade
2020-09-10,0,128.736664,123.779999,no_trade
2020-09-11,0,127.313332,124.239998,no_trade
2020-09-14,1,126.98333,139.873337,no_trade
2020-09-15,1,145.520004,149.919998,no_trade
2020-09-16,1,146.623337,147.253326,no_trade
2020-09-17,1,138.53334,141.143326,no_trade
2020-09-18,0,149.313339,147.383331,no_trade
2020-09-21,0,151.043335,149.796661,no_trade
2020-09-22,0,143.199997,141.410004,no_trade
2020-09-23,0,135.053329,126.786667,no_trade
2020-09-24,1,121.26667,129.263336,no_trade
2020-09-25,1,131.156662,135.779999,no_trade
2020-09-28,0,141.539993,140.399994,no_trade
2020-09-29,1,138.666672,139.690002,no_trade
2020-09-30,1,140.440002,143.003326,no_trade
2020-10-01,1,146.919998,149.386673,no_trade
2020-10-02,0,140.463333,138.363327,no_trade
2020-10-05,1,141.116669,141.893326,no_trade
2020-10-06,0,141.263336,137.993332,no_trade
2020-10-07,1,139.956665,141.766663,no_trade
2020-10-08,0,146.146667,141.973328,no_trade
2020-10-09,1,143.376663,144.666672,no_trade
2020-10-12,1,147.333328,147.433334,no_trade
2020-10-13,1,147.78334,148.883331,no_trade
2020-10-14,1,149.926666,153.766663,no_trade
2020-10-15,0,150.103333,149.626663,no_trade
2020-10-16,0,151.479996,146.556671,no_trade
2020-10-19,0,148.746674,143.610001,no_trade
2020-10-20,0,143.916672,140.646667,no_trade
2020-10-21,0,140.899994,140.880005,no_trade
2020-10-22,0,147.306671,141.929993,no_trade
2020-10-23,0,140.613327,140.210007,no_trade
2020-10-26,1,137.210007,140.093338,no_trade
2020-10-27,1,141.253326,141.559998,no_trade
2020-10-28,0,138.82666,135.339996,no_trade
2020-10-29,1,136.653336,136.943329,no_trade
2020-10-30,0,135.633331,129.346664,no_trade
2020-11-02,1,131.333328,133.503326,no_trade
2020-11-03,1,136.57666,141.300003,no_trade
2020-11-04,0,143.539993,140.32666,no_trade
2020-11-05,1,142.766663,146.029999,no_trade
2020-11-06,0,145.366669,143.316666,no_trade
2020-11-09,0,146.5,140.419998,no_trade
2020-11-10,0,140.029999,136.786667,no_trade
2020-11-11,1,138.816666,139.043335,no_trade
2020-11-12,0,138.350006,137.253326,no_trade
2020-11-13,0,136.949997,136.166672,no_trade
2020-11-16,0,136.309998,136.029999,no_trade
2020-11-17,0,153.389999,147.203339,no_trade
2020-11-18,1,149.449997,162.213333,no_trade
2020-11-19,1,164.0,166.42334,no_trade
2020-11-20,0,165.996674,163.203339,no_trade
2020-11-23,1,167.833328,173.949997,no_trade
2020-11-24,1,180.133331,185.126663,no_trade
2020-11-25,1,183.353333,191.333328,no_trade
2020-11-27,1,193.720001,195.253326,no_trade
2020-11-30,0,200.736664,189.199997,no_trade
2020-12-01,0,199.196671,194.919998,no_trade
2020-12-02,1,185.479996,189.606674,no_trade
2020-12-03,1,196.67334,197.793335,no_trade
2020-12-04,1,197.003326,199.679993,no_trade
2020-12-07,1,201.639999,213.919998,no_trade
2020-12-08,1,208.503326,216.626663,no_trade
2020-12-09,0,217.896667,201.493332,no_trade
2020-12-10,1,191.456665,209.023331,no_trade
2020-12-11,0,205.003326,203.330002,no_trade
2020-12-14,1,206.333328,213.276672,no_trade
2020-12-15,0,214.426666,211.083328,no_trade
2020-12-16,0,209.410004,207.589996,no_trade
2020-12-17,1,209.396667,218.633331,no_trade
2020-12-18,1,222.96666,231.666672,no_trade
2020-12-21,0,222.080002,216.619995,no_trade
2020-12-22,0,216.0,213.446671,no_trade
2020-12-23,1,210.733337,215.32666,no_trade
2020-12-24,1,214.330002,220.589996,no_trade
2020-12-28,0,224.83667,221.229996,no_trade
2020-12-29,1,220.333328,221.996674,no_trade
2020-12-30,1,224.0,231.593338,no_trade
2020-12-31,1,233.330002,235.223328,no_trade
2021-01-04,1,239.820007,243.256668,no_trade
2021-01-05,1,241.220001,245.036667,no_trade
2021-01-06,0,252.830002,251.993332,no_trade
2021-01-07,1,259.209991,272.013336,no_trade
2021-01-08,1,285.333344,293.339996,no_trade
2021-01-11,0,283.133331,270.396667,no_trade
2021-01-12,1,277.0,283.146667,no_trade
2021-01-13,1,284.253326,284.803345,no_trade
2021-01-14,1,281.130005,281.666656,no_trade
2021-01-15,0,284.0,275.386658,no_trade
2021-01-19,1,279.266663,281.516663,no_trade
2021-01-20,0,286.246674,283.483337,no_trade
2021-01-21,0,285.0,281.66333,no_trade
2021-01-22,1,278.103333,282.213318,no_trade
2021-01-25,1,285.0,293.600006,no_trade
2021-01-26,0,297.126678,294.363342,no_trade
2021-01-27,0,290.116669,288.053345,no_trade
2021-01-28,1,273.333344,278.476654,no_trade
2021-01-29,0,276.666656,264.51001,no_trade
2021-02-01,1,271.429993,279.936676,no_trade
2021-02-02,1,281.559998,290.929993,no_trade
2021-02-03,0,292.339996,284.896667,no_trade
2021-02-04,0,285.0,283.329987,no_trade
2021-02-05,1,281.666656,284.07666,no_trade
2021-02-08,0,289.890015,287.806671,no_trade
2021-02-09,0,285.040009,283.15332,no_trade
2021-02-10,0,281.213318,268.273346,no_trade
2021-02-11,0,270.813324,270.553345,no_trade
2021-02-12,1,267.08667,272.040009,no_trade
2021-02-16,0,272.666656,265.406677,no_trade
2021-02-17,1,259.696655,266.049988,no_trade
2021-02-18,1,260.299988,262.459991,no_trade
2021-02-19,0,265.0,260.433319,no_trade
2021-02-22,0,254.213333,238.166672,no_trade
2021-02-23,1,220.710007,232.946671,no_trade
2021-02-24,1,237.28334,247.339996,no_trade
2021-02-25,0,242.050003,227.406662,no_trade
2021-02-26,0,233.333328,225.166672,no_trade
2021-03-01,1,230.036667,239.476669,no_trade
2021-03-02,0,239.426666,228.813339,no_trade
2021-03-03,0,229.330002,217.733337,no_trade
2021-03-04,0,218.600006,207.146667,no_trade
2021-03-05,0,208.686661,199.316666,no_trade
2021-03-08,0,200.183334,187.666672,no_trade
2021-03-09,1,202.726669,224.526672,no_trade
2021-03-10,0,233.433334,222.686661,no_trade
2021-03-11,1,233.133331,233.199997,no_trade
2021-03-12,1,223.333328,231.243332,no_trade
2021-03-15,1,231.363327,235.979996,no_trade
2021-03-16,0,234.449997,225.626663,no_trade
2021-03-17,1,218.956665,233.936661,no_trade
2021-03-18,0,228.096664,217.720001,no_trade
2021-03-19,1,215.53334,218.289993,no_trade
2021-03-22,0,228.196671,223.333328,no_trade
2021-03-23,0,225.256668,220.720001,no_trade
2021-03-24,0,222.636673,210.089996,no_trade
2021-03-25,1,204.333328,213.463333,no_trade
2021-03-26,0,213.956665,206.236664,no_trade
2021-03-29,0,205.213333,203.763336,no_trade
2021-03-30,1,200.583328,211.873337,no_trade
2021-03-31,1,215.539993,222.643326,no_trade
2021-04-01,0,229.456665,220.583328,no_trade
2021-04-05,0,235.903336,230.350006,no_trade
2021-04-06,1,230.100006,230.539993,no_trade
2021-04-07,0,229.0,223.656662,no_trade
2021-04-08,1,225.793335,227.933334,no_trade
2021-04-09,0,225.92334,225.67334,no_trade
2021-04-12,1,228.566666,233.993332,no_trade
2021-04-13,1,237.566666,254.106674,no_trade
2021-04-14,0,256.899994,244.07666,no_trade
2021-04-15,0,247.699997,246.28334,no_trade
2021-04-16,1,242.883331,246.593338,no_trade
2021-04-19,0,239.866669,238.210007,no_trade
2021-04-20,1,239.139999,239.66333,no_trade
2021-04-21,1,234.92334,248.039993,no_trade
2021-04-22,0,247.166672,239.896667,no_trade
2021-04-23,1,239.933334,243.133331,no_trade
2021-04-26,0,247.0,246.066666,no_trade
2021-04-27,0,239.320007,234.91333,no_trade
2021-04-28,0,232.136673,231.46666,no_trade
2021-04-29,0,233.169998,225.666672,no_trade
2021-04-30,1,222.529999,236.479996,no_trade
2021-05-03,0,234.600006,228.300003,no_trade
2021-05-04,0,226.313339,224.53334,no_trade
2021-05-05,0,227.020004,223.646667,no_trade
2021-05-06,0,226.919998,221.179993,no_trade
2021-05-07,1,221.933334,224.123337,no_trade
2021-05-10,0,221.633331,209.679993,no_trade
2021-05-11,1,199.746674,205.733337,no_trade
2021-05-12,0,200.830002,196.630005,no_trade
2021-05-13,0,200.513336,190.563339,no_trade
2021-05-14,1,194.470001,196.580002,no_trade
2021-05-17,1,191.850006,192.276672,no_trade
2021-05-18,1,189.333328,192.623337,no_trade
2021-05-19,1,184.183334,187.820007,no_trade
2021-05-20,1,191.666672,195.593338,no_trade
2021-05-21,0,198.703339,193.626663,no_trade
2021-05-24,1,193.866669,202.146667,no_trade
2021-05-25,0,202.436661,201.563339,no_trade
2021-05-26,1,202.520004,206.376663,no_trade
2021-05-27,1,206.746674,210.28334,no_trade
2021-05-28,0,209.5,208.406662,no_trade
2021-06-01,0,209.266663,207.96666,no_trade
2021-06-02,0,206.710007,201.706665,no_trade
2021-06-03,0,200.600006,190.946671,no_trade
2021-06-04,1,193.236664,199.683334,no_trade
2021-06-07,1,197.276672,201.710007,no_trade
2021-06-08,0,207.669998,201.196671,no_trade
2021-06-09,0,200.723328,199.593338,no_trade
2021-06-10,1,201.293335,203.373337,no_trade
2021-06-11,0,203.410004,203.296661,no_trade
2021-06-14,1,204.07666,205.896667,no_trade
2021-06-15,0,205.563339,199.786667,no_trade
2021-06-16,1,199.179993,201.623337,no_trade
2021-06-17,1,200.630005,205.53334,no_trade
2021-06-18,1,204.456665,207.770004,no_trade
2021-06-21,0,208.160004,206.943329,no_trade
2021-06-22,1,206.083328,207.903336,no_trade
2021-06-23,1,210.666672,218.856674,no_trade
2021-06-24,1,224.996674,226.606674,no_trade
2021-06-25,0,229.860001,223.956665,no_trade
2021-06-28,1,223.880005,229.573334,no_trade
2021-06-29,0,228.21666,226.919998,no_trade
2021-06-30,0,226.589996,226.566666,no_trade
2021-07-01,0,227.973328,225.973328,no_trade
2021-07-02,0,226.32666,226.300003,no_trade
2021-07-06,0,227.236664,219.860001,no_trade
2021-07-07,0,221.42334,214.883331,no_trade
2021-07-08,1,209.456665,217.603333,no_trade
2021-07-09,1,217.726669,218.983337,no_trade
2021-07-12,1,220.733337,228.566666,no_trade
2021-07-13,0,228.773331,222.846664,no_trade
2021-07-14,0,223.583328,217.793335,no_trade
2021-07-15,0,219.463333,216.866669,no_trade
2021-07-16,0,218.226669,214.740005,no_trade
2021-07-19,1,209.963333,215.406662,no_trade
2021-07-20,1,217.330002,220.166672,no_trade
2021-07-21,0,219.869995,218.429993,no_trade
2021-07-22,0,218.813339,216.419998,no_trade
2021-07-23,0,215.453339,214.460007,no_trade
2021-07-26,1,216.990005,219.206665,no_trade
2021-07-27,0,221.133331,214.926666,no_trade
2021-07-28,0,215.666672,215.660004,no_trade
2021-07-29,1,216.596664,225.78334,no_trade
2021-07-30,1,223.919998,229.066666,no_trade
2021-08-02,1,233.333328,236.556671,no_trade
2021-08-03,0,239.666672,236.580002,no_trade
2021-08-04,0,237.0,236.973328,no_trade
2021-08-05,0,238.666672,238.210007,no_trade
2021-08-06,0,237.300003,233.03334,no_trade
2021-08-09,1,236.723328,237.919998,no_trade
2021-08-10,0,237.996674,236.66333,no_trade
2021-08-11,0,237.570007,235.940002,no_trade
2021-08-12,1,235.446671,240.75,no_trade
2021-08-13,0,241.236664,239.056671,no_trade
2021-08-16,0,235.023331,228.723328,no_trade
2021-08-17,0,224.220001,221.903336,no_trade
2021-08-18,1,223.25,229.66333,no_trade
2021-08-19,0,226.070007,224.490005,no_trade
2021-08-20,0,227.616669,226.753326,no_trade
2021-08-23,1,228.479996,235.433334,no_trade
2021-08-24,0,236.893326,236.16333,no_trade
2021-08-25,1,235.676666,237.066666,no_trade
2021-08-26,0,236.103333,233.720001,no_trade
2021-08-27,1,235.0,237.306671,no_trade
2021-08-30,1,238.240005,243.636673,no_trade
2021-08-31,1,244.333328,245.240005,no_trade
2021-09-01,1,244.693329,244.696671,no_trade
2021-09-02,0,244.833328,244.130005,no_trade
2021-09-03,1,244.083328,244.523331,no_trade
2021-09-07,1,246.666672,250.973328,no_trade
2021-09-08,0,253.860001,251.289993,no_trade
2021-09-09,1,251.136673,251.619995,no_trade
2021-09-10,0,253.199997,245.42334,no_trade
2021-09-13,1,246.736664,247.666672,no_trade
2021-09-14,1,247.523331,248.16333,no_trade
2021-09-15,1,248.333328,251.943329,no_trade
2021-09-16,1,250.943329,252.330002,no_trade
2021-09-17,1,252.383331,253.16333,no_trade
2021-09-20,0,244.853333,243.389999,no_trade
2021-09-21,1,244.929993,246.460007,no_trade
2021-09-22,1,247.843338,250.646667,no_trade
2021-09-23,0,251.666672,251.213333,no_trade
2021-09-24,1,248.630005,258.130005,no_trade
2021-09-27,1,257.706665,263.786682,no_trade
2021-09-28,0,262.399994,259.186676,no_trade
2021-09-29,1,259.933319,260.436676,no_trade
2021-09-30,0,260.333344,258.493347,no_trade
2021-10-01,0,259.466675,258.406677,no_trade
2021-10-04,0,265.5,260.51001,no_trade
2021-10-05,0,261.600006,260.196655,no_trade
2021-10-06,1,258.733337,260.916656,no_trade
2021-10-07,1,261.820007,264.536682,no_trade
2021-10-08,0,265.40332,261.829987,no_trade
2021-10-11,1,262.549988,263.980011,no_trade
2021-10-12,1,266.976654,268.573334,no_trade
2021-10-13,1,270.156677,270.359985,no_trade
2021-10-14,1,271.829987,272.773346,no_trade
2021-10-15,1,274.579987,281.01001,no_trade
2021-10-18,1,283.929993,290.036682,no_trade
2021-10-19,0,292.51001,288.089996,no_trade
2021-10-20,1,288.450012,288.600006,no_trade
2021-10-21,1,285.333344,298.0,no_trade
2021-10-22,1,298.5,303.226654,no_trade
2021-10-25,1,316.843323,341.619995,no_trade
2021-10-26,0,341.563324,339.476654,no_trade
2021-10-27,0,346.553345,345.953339,no_trade
2021-10-28,1,356.103333,359.013336,no_trade
2021-10-29,1,360.619995,371.333344,no_trade
2021-11-01,1,381.666656,402.863342,no_trade
2021-11-02,1,386.453339,390.666656,no_trade
2021-11-03,1,392.443329,404.619995,no_trade
2021-11-04,0,411.470001,409.970001,no_trade
2021-11-05,0,409.333344,407.363342,no_trade
2021-11-08,1,383.263336,387.646667,no_trade
2021-11-09,0,391.200012,341.166656,no_trade
2021-11-10,1,336.803345,355.983337,sale
2021-11-11,0,367.589996,354.503326,sale
2021-11-12,0,349.166656,344.473328,sale
2021-11-15,0,339.209991,337.796661,sale
2021-11-16,1,334.436676,351.57666,sale
2021-11-17,1,354.503326,363.003326,sale
2021-11-18,0,368.850006,365.459991,no_trade
2021-11-19,1,366.290009,379.019989,no_trade
2021-11-22,0,387.443329,385.623322,no_trade
2021-11-23,0,389.170013,369.676666,sale
2021-11-24,1,360.130005,372.0,no_trade
2021-11-26,0,366.48999,360.640015,no_trade
2021-11-29,1,366.996674,378.996674,no_trade
2021-11-30,1,381.456665,381.58667,no_trade
2021-12-01,0,386.899994,365.0,no_trade
2021-12-02,0,366.353333,361.533325,sale
2021-12-03,0,361.59668,338.323334,no_trade
2021-12-06,1,333.83667,336.33667,sale
2021-12-07,1,348.066681,350.583344,no_trade
2021-12-08,1,350.90332,356.320007,no_trade
2021-12-09,0,353.546661,334.600006,sale
2021-12-10,1,336.25,339.01001,no_trade
2021-12-13,0,333.696655,322.136658,sale
2021-12-14,1,315.0,319.503326,no_trade
2021-12-15,1,317.736664,325.329987,no_trade
2021-12-16,0,331.5,308.973328,sale
2021-12-17,1,304.92334,310.856659,sale
2021-12-20,0,303.566681,299.980011,no_trade
2021-12-21,1,305.623322,312.843323,sale
2021-12-22,1,321.886658,336.290009,sale
2021-12-23,1,335.600006,355.666656,no_trade
2021-12-27,1,357.890015,364.646667,sale
2021-12-28,0,369.829987,362.823334,sale
2021-12-29,0,366.213318,362.063324,no_trade
2021-12-30,1,353.776672,356.779999,no_trade
2021-12-31,0,357.813324,352.26001,opt_ex
2022-01-03,1,382.583344,399.926666,no_trade
2022-01-04,0,396.516663,383.196655,no_trade
2022-01-05,0,382.216675,362.706665,sale
2022-01-06,0,359.0,354.899994,no_trade
2022-01-07,0,360.123322,342.320007,no_trade
2022-01-10,1,333.333344,352.706665,no_trade
2022-01-11,1,351.223328,354.799988,no_trade
2022-01-12,1,359.616669,368.73999,no_trade
2022-01-13,0,369.690002,343.853333,no_trade
2022-01-14,1,339.959991,349.869995,no_trade
2022-01-18,1,342.203339,343.503326,sale
2022-01-19,0,347.236664,331.883331,no_trade
2022-01-20,0,336.57666,332.089996,no_trade
2022-01-21,0,332.113342,314.633331,no_trade
2022-01-24,1,301.58667,310.0,no_trade
2022-01-25,1,304.733337,306.133331,no_trade
2022-01-26,0,317.476654,312.470001,no_trade
2022-01-27,0,311.119995,276.366669,sale
2022-01-28,1,277.186676,282.116669,no_trade
2022-01-31,1,290.90332,312.23999,no_trade
2022-02-01,0,311.736664,310.416656,sale
2022-02-02,0,309.393341,301.886658,no_trade
2022-02-03,1,294.0,297.046661,no_trade
2022-02-04,1,299.073334,307.773346,no_trade
2022-02-07,0,307.929993,302.446655,no_trade
2022-02-08,1,301.843323,307.333344,no_trade
2022-02-09,0,311.666656,310.666656,no_trade
2022-02-10,0,302.790009,301.516663,no_trade
2022-02-11,0,303.209991,286.666656,no_trade
2022-02-14,1,287.190002,291.920013,no_trade
2022-02-15,1,300.0,307.476654,no_trade
2022-02-16,1,304.683319,307.796661,no_trade
2022-02-17,0,304.420013,292.116669,sale
2022-02-18,0,295.333344,285.660004,no_trade
2022-02-22,0,278.043335,273.843323,no_trade
2022-02-23,0,276.809998,254.679993,no_trade
2022-02-24,1,233.463333,266.92334,no_trade
2022-02-25,1,269.743347,269.956665,no_trade
2022-02-28,1,271.670013,290.143341,sale
2022-03-01,0,289.893341,288.123322,sale
2022-03-02,1,290.709991,293.296661,no_trade
2022-03-03,0,292.92334,279.763336,no_trade
2022-03-04,0,283.033325,279.429993,no_trade
2022-03-07,0,285.433319,268.193329,sale
2022-03-08,1,265.176666,274.799988,no_trade
2022-03-09,1,279.82666,286.323334,no_trade
2022-03-10,0,283.816681,279.433319,no_trade
2022-03-11,0,280.066681,265.116669,no_trade
2022-03-14,0,260.203339,255.456665,no_trade
2022-03-15,1,258.42334,267.296661,no_trade
2022-03-16,1,269.666656,280.07666,no_trade
2022-03-17,1,276.996674,290.533325,no_trade
2022-03-18,1,291.496674,301.796661,no_trade
2022-03-21,1,304.993347,307.053345,no_trade
2022-03-22,1,310.0,331.32666,no_trade
2022-03-23,1,326.646667,333.036682,no_trade
2022-03-24,1,336.57666,337.973328,no_trade
2022-03-25,1,336.0,336.880005,no_trade
2022-03-28,1,355.033325,363.946655,sale
2022-03-29,0,369.329987,366.523346,no_trade
2022-03-30,1,363.723328,364.66333,no_trade
2022-03-31,0,364.856659,359.200012,no_trade
2022-04-01,1,360.383331,361.529999,no_trade
2022-04-04,1,363.126678,381.816681,no_trade
2022-04-05,0,378.766663,363.753326,sale
2022-04-06,0,357.823334,348.58667,no_trade
2022-04-07,1,350.796661,352.420013,no_trade
2022-04-08,0,347.736664,341.829987,no_trade
2022-04-11,0,326.799988,325.309998,no_trade
2022-04-12,0,332.546661,328.983337,no_trade
2022-04-13,1,327.026672,340.790009,no_trade
2022-04-14,0,333.09668,328.333344,no_trade
2022-04-18,1,329.676666,334.763336,no_trade
2022-04-19,1,335.019989,342.716675,no_trade
2022-04-20,0,343.333344,325.733337,no_trade
2022-04-21,0,358.243347,336.26001,no_trade
2022-04-22,0,338.303345,335.016663,no_trade
2022-04-25,1,326.323334,332.67334,no_trade
2022-04-26,0,331.809998,292.140015,sale
2022-04-27,0,299.526672,293.83667,sale
2022-04-28,0,299.993347,292.503326,sale
2022-04-29,0,300.75,290.253326,no_trade
2022-05-02,1,286.92334,300.980011,sale
2022-05-03,1,301.059998,303.083344,no_trade
2022-05-04,1,301.313324,317.540009,no_trade
2022-05-05,0,313.006653,291.093323,no_trade
2022-05-06,0,295.666656,288.549988,no_trade
2022-05-09,0,278.816681,262.369995,no_trade
2022-05-10,0,273.103333,266.679993,no_trade
2022-05-11,0,265.0,244.666672,no_trade
2022-05-12,1,233.666672,242.666672,no_trade
2022-05-13,0,257.82666,256.529999,no_trade
2022-05-16,0,255.720001,241.456665,no_trade
2022-05-17,1,249.119995,253.869995,no_trade
2022-05-18,0,248.17334,236.603333,no_trade
2022-05-19,1,235.666672,236.473328,no_trade
2022-05-20,0,237.996674,221.300003,no_trade
2022-05-23,1,218.339996,224.96666,no_trade
2022-05-24,0,217.843338,209.386673,no_trade
2022-05-25,1,207.949997,219.600006,no_trade
2022-05-26,1,220.473328,235.910004,no_trade
2022-05-27,1,241.083328,253.210007,sale
2022-05-31,0,257.946655,252.753326,no_trade
2022-06-01,0,251.720001,246.789993,sale
2022-06-02,1,244.156662,258.333344,no_trade
2022-06-03,0,243.226669,234.516663,no_trade
2022-06-06,0,244.353333,238.279999,sale
2022-06-07,1,234.0,238.886673,no_trade
2022-06-08,1,240.08667,241.866669,no_trade
2022-06-09,0,249.339996,239.706665,no_trade
2022-06-10,0,235.156662,232.229996,opt_ex
2022-06-13,0,223.166672,215.736664,no_trade
2022-06-14,1,218.286667,220.889999,no_trade
2022-06-15,1,220.916672,233.0,no_trade
2022-06-16,0,222.736664,213.100006,no_trade
2022-06-17,1,213.433334,216.759995,no_trade
2022-06-21,1,224.603333,237.036667,no_trade
2022-06-22,1,234.503326,236.08667,no_trade
2022-06-23,0,237.906662,235.070007,no_trade
2022-06-24,1,237.470001,245.706665,no_trade
2022-06-27,0,249.366669,244.919998,sale
2022-06-28,0,244.483337,232.66333,no_trade
2022-06-29,0,230.5,228.490005,no_trade
2022-06-30,0,224.509995,224.473328,no_trade
2022-07-01,1,227.0,227.263336,no_trade
2022-07-05,1,223.0,233.066666,no_trade
2022-07-06,1,230.779999,231.733337,no_trade
2022-07-07,1,233.919998,244.543335,no_trade
2022-07-08,1,242.333328,250.763336,no_trade
2022-07-11,0,252.103333,234.343338,no_trade
2022-07-12,0,236.846664,233.070007,no_trade
2022-07-13,1,225.5,237.039993,no_trade
2022-07-14,1,234.896667,238.313339,no_trade
2022-07-15,1,240.0,240.066666,no_trade
2022-07-18,0,244.936661,240.546661,no_trade
2022-07-19,1,245.0,245.529999,no_trade
2022-07-20,1,246.78334,247.5,no_trade
2022-07-21,1,255.106674,271.706665,no_trade
2022-07-22,0,276.220001,272.243347,no_trade
2022-07-25,0,272.216675,268.433319,opt_ex
2022-07-26,0,266.513336,258.859985,no_trade
2022-07-27,1,263.809998,274.820007,sale
2022-07-28,1,280.066681,280.899994,no_trade
2022-07-29,1,280.700012,297.149994,no_trade
2022-08-01,0,301.276672,297.276672,no_trade
2022-08-02,1,294.003326,300.58667,no_trade
2022-08-03,1,305.0,307.396667,no_trade
2022-08-04,0,311.0,308.633331,no_trade
2022-08-05,0,302.670013,288.170013,no_trade
2022-08-08,0,295.0,290.42334,no_trade
2022-08-09,0,290.293335,283.333344,no_trade
2022-08-10,0,297.066681,294.356659,no_trade
2022-08-11,0,296.513336,286.630005,no_trade
2022-08-12,1,289.416656,300.029999,no_trade
2022-08-15,1,301.786682,309.320007,no_trade
2022-08-16,0,311.666656,306.563324,no_trade
2022-08-17,1,303.396667,303.996674,no_trade
2022-08-18,0,306.0,302.869995,no_trade
2022-08-19,0,299.0,296.666656,no_trade
2022-08-22,0,291.91333,289.91333,no_trade
2022-08-23,1,291.453339,296.453339,no_trade
2022-08-24,0,297.563324,297.09668,no_trade
2022-08-25,0,302.359985,296.070007,no_trade
2022-08-26,0,297.429993,288.089996,no_trade
2022-08-29,1,282.829987,284.820007,no_trade
2022-08-30,0,287.869995,277.700012,no_trade
2022-08-31,0,280.619995,275.609985,no_trade
2022-09-01,1,272.579987,277.160004,no_trade
2022-09-02,0,281.070007,270.209991,no_trade
2022-09-06,1,272.679993,274.420013,no_trade
2022-09-07,1,273.100006,283.700012,no_trade
2022-09-08,1,281.299988,289.26001,no_trade
2022-09-09,1,291.670013,299.679993,no_trade
2022-09-12,1,300.720001,304.420013,no_trade
2022-09-13,0,292.899994,292.130005,no_trade
2022-09-14,1,292.23999,302.609985,no_trade
2022-09-15,1,301.829987,303.75,no_trade
2022-09-16,1,299.609985,303.350006,no_trade
